{
  "location": {
    "type": "String",
    "value": "@appsetting('WORKFLOWS_LOCATION_NAME')"
  },
  "resourceGroup": {
    "type": "String",
    "value": "@appsetting('WORKFLOWS_RESOURCE_GROUP_NAME')"
  },
  "subscriptionId": {
    "type": "String",
    "value": "@appsetting('WORKFLOWS_SUBSCRIPTION_ID')"
  },
  "azdoConnectionRuntimeUrl": {
    "type": "String",
    "value": "@appsetting('azdoConnectionRuntimeUrl')"
  },
  "visualstudioteamservices-auth": {
    "type": "Object",
    "value": {
        "scheme": "Key",
        "parameter": "@appsetting('visualstudioteamservices-connectionKey')",
        "type": "Raw"
    }
  },
  "openAIEndpoint": {
    "type": "String",
    "value": "@appsetting('openAIEndpoint')"
  },
  "openAIKey": {
    "type": "String",
    "value": "@appsetting('openAIKey')"
  }
}
